<?xml version="1.0" encoding="UTF-8"?><rss version="2.0"
	xmlns:content="http://purl.org/rss/1.0/modules/content/"
	xmlns:wfw="http://wellformedweb.org/CommentAPI/"
	xmlns:dc="http://purl.org/dc/elements/1.1/"
	xmlns:atom="http://www.w3.org/2005/Atom"
	xmlns:sy="http://purl.org/rss/1.0/modules/syndication/"
	xmlns:slash="http://purl.org/rss/1.0/modules/slash/"
	>

<channel>
	<title>admin - Manfaat Penggunaan Pelindung Kacamata APD</title>
	<atom:link href="/author/admin/feed/" rel="self" type="application/rss+xml" />
	<link>/</link>
	<description></description>
	<lastBuildDate>Fri, 13 Sep 2024 08:02:28 +0000</lastBuildDate>
	<language>en-US</language>
	<sy:updatePeriod>
	hourly	</sy:updatePeriod>
	<sy:updateFrequency>
	1	</sy:updateFrequency>
	<generator>https://wordpress.org/?v=6.5.3</generator>
	<item>
		<title></title>
		<link>/1267-2/</link>
					<comments>/1267-2/#respond</comments>
		
		<dc:creator><![CDATA[admin]]></dc:creator>
		<pubDate>Thu, 12 Sep 2024 09:19:10 +0000</pubDate>
				<category><![CDATA[Uncategorized]]></category>
		<guid isPermaLink="false">/?p=1267</guid>

					<description><![CDATA[Produk Pelindung Telinga &#160;Kami menawarkan berbagai pilihan earmuff dan earplug, baik merek lokal maupun import, yang dirancang untuk memberikan perlindungan optimal terhadap kebisingan di tempat kerja. Produk-produk kami memenuhi standar keamanan tertinggi, menawarkan kenyamanan tak tertandingi tanpa mengorbankan keefektifan. Dengan desain ergonomis dan teknologi inovatif, ear protection kami membantu melindungi pendengaran pekerja Anda dari potensi [&#8230;]]]></description>
										<content:encoded><![CDATA[
<div class="wp-block-media-text alignfull is-stacked-on-mobile is-vertically-aligned-center"><figure class="wp-block-media-text__media"><img fetchpriority="high" decoding="async" width="360" height="360" src="/wp-content/uploads/2024/09/png-transparent-earmuffs-personal-protective-equipment-gehoorbescherming-earplug-hearing-self-protection-people-electronic-device-audio-equipment-thumbnail.png" alt="" class="wp-image-1268 size-full" srcset="/wp-content/uploads/2024/09/png-transparent-earmuffs-personal-protective-equipment-gehoorbescherming-earplug-hearing-self-protection-people-electronic-device-audio-equipment-thumbnail.png 360w, /wp-content/uploads/2024/09/png-transparent-earmuffs-personal-protective-equipment-gehoorbescherming-earplug-hearing-self-protection-people-electronic-device-audio-equipment-thumbnail-300x300.png 300w, /wp-content/uploads/2024/09/png-transparent-earmuffs-personal-protective-equipment-gehoorbescherming-earplug-hearing-self-protection-people-electronic-device-audio-equipment-thumbnail-150x150.png 150w" sizes="(max-width: 360px) 100vw, 360px" /></figure><div class="wp-block-media-text__content">
<h3 class="wp-block-heading has-text-align-center has-text-color" style="color:#000000"><strong>Produk Pelindung Telinga</strong></h3>



<p class="has-text-align-center has-extra-small-font-size"><a href="#">&nbsp;Kami menawarkan berbagai pilihan earmuff dan earplug, baik merek lokal maupun import, yang dirancang untuk memberikan perlindungan optimal terhadap kebisingan di tempat kerja. Produk-produk kami memenuhi standar keamanan tertinggi, menawarkan kenyamanan tak tertandingi tanpa mengorbankan keefektifan. Dengan desain ergonomis dan teknologi inovatif, ear protection kami membantu melindungi pendengaran pekerja Anda dari potensi risiko akibat kebisingan.</a></p>
</div></div>



<div class="wp-block-cover alignfull has-parallax" style="min-height:100vh;aspect-ratio:unset;"><span aria-hidden="true" class="wp-block-cover__background has-background-dim-40 has-background-dim" style="background-color:#000000"></span><div class="wp-block-cover__image-background wp-image-1285 has-parallax" style="background-position:50% 50%;background-image:url(/wp-content/uploads/2024/09/Capture-4.png)"></div><div class="wp-block-cover__inner-container is-layout-flow wp-block-cover-is-layout-flow">
<h2 class="wp-block-heading alignwide has-white-color has-text-color" style="font-size:48px;line-height:1.2">Manfaat Penggunaan Pelindung Telinga APD</h2>



<div class="wp-block-columns alignwide is-layout-flex wp-container-core-columns-is-layout-1 wp-block-columns-is-layout-flex">
<div class="wp-block-column is-layout-flow wp-block-column-is-layout-flow" style="flex-basis:60%">
<p class="has-text-color" style="color:#ffffff">Mencegah Gangguan Pendengaran</p>



<p>Meningkatkan Konsentrasi dan Produktivitas</p>



<p>Melindungi dari Cedera Akibat Suara Mendadak</p>



<p>Mengurangi Stres dan Kelelahan Akibat Kebisingan</p>



<p>Menjaga Komunikasi yang Efektif</p>



<div class="wp-block-buttons is-layout-flex wp-block-buttons-is-layout-flex">
<div class="wp-block-button is-style-outline"><a class="wp-block-button__link has-text-color has-background wp-element-button" style="color:#ffffff;background-color:#000000">Visit</a></div>
</div>
</div>



<div class="wp-block-column is-layout-flow wp-block-column-is-layout-flow"></div>
</div>
</div></div>



<div class="wp-block-group alignfull has-background-color has-white-color has-black-background-color has-text-color has-background has-link-color wp-elements-dd1a8a6adc6f43a9003180d6ce16c792 is-vertical is-content-justification-stretch is-layout-flex wp-container-core-group-is-layout-3 wp-block-group-is-layout-flex" style="min-height:40vh;margin-top:0;margin-bottom:0;padding-top:var(--wp--preset--spacing--60);padding-right:var(--wp--preset--spacing--40);padding-bottom:var(--wp--preset--spacing--60);padding-left:var(--wp--preset--spacing--40)">
<div class="wp-block-columns alignwide has-small-font-size is-layout-flex wp-container-core-columns-is-layout-2 wp-block-columns-is-layout-flex">
<div class="wp-block-column is-layout-flow wp-block-column-is-layout-flow">
<p class="has-text-align-center"><strong>SAFETY.CO.ID</strong></p>



<p class="has-text-align-center">Distributor terpercaya untuk kebutuhan Alat Safety, Alat Pelindung Diri (APD), Perlengkapan Pemadam Kebakaran, Seragam Keamanan, dan banyak lagi!</p>



<div style="height:24px" aria-hidden="true" class="wp-block-spacer"></div>
</div>



<div class="wp-block-column is-layout-flow wp-block-column-is-layout-flow">
<p class="has-text-align-center">Pages</p>


<nav class="has-small-font-size items-justified-center is-vertical no-wrap wp-block-navigation has-small-font-size is-content-justification-center is-nowrap is-layout-flex wp-container-core-navigation-is-layout-1 wp-block-navigation-is-layout-flex" aria-label="Header"><ul class="wp-block-navigation__container has-small-font-size items-justified-center is-vertical no-wrap wp-block-navigation has-small-font-size"><li class="has-small-font-size wp-block-navigation-item  menu-item menu-item-type-post_type menu-item-object-page menu-item-home wp-block-navigation-link has-small-font-size"><a class="wp-block-navigation-item__content"  href="/" title=""><span class="wp-block-navigation-item__label"><a href="https://safety.co.id/head-protection">Safety Helmet</a><br><a href="https://safety.co.id/eye-protection">Kacamata Safety</a><br><a href="https://safety.co.id/hearing-protection">Pelindung Telinga</a><br><a href="https://safety.co.id/face-protection">Pelindung Wajah</a><br><a href="https://safety.co.id/clothes-protection">Baju Safety</a><br><a href="https://safety.co.id/protection-footwear">Sepatu Safety</a><br><a href="https://safety.co.id/hand-protection">Sarung Tangan Safety</a><br><a href="https://safety.co.id/respiratory-protection">Pelindung Pernapasan</a></span></a></li></ul></nav>


<div style="height:24px" aria-hidden="true" class="wp-block-spacer"></div>
</div>



<div class="wp-block-column is-layout-flow wp-block-column-is-layout-flow">
<p class="has-text-align-center">Follow us</p>



<div class="wp-block-group is-vertical is-content-justification-center is-layout-flex wp-container-core-group-is-layout-1 wp-block-group-is-layout-flex">
<p><a href="#">Elma Aprilia</a></p>



<p><a href="#">Maprill</a></p>



<p><a href="#">Elma Tristanti</a></p>



<p><a href="#">tristantielma@gmail.com</a></p>
</div>



<div style="height:24px" aria-hidden="true" class="wp-block-spacer"></div>
</div>
</div>



<div class="wp-block-group alignwide is-content-justification-center is-layout-flex wp-container-core-group-is-layout-2 wp-block-group-is-layout-flex">
<p class="has-text-align-center has-small-font-size"> Proudly powered by <a rel="nofollow" href="https://wordpress.org/">WordPress</a> </p>
</div>
</div>
]]></content:encoded>
					
					<wfw:commentRss>/1267-2/feed/</wfw:commentRss>
			<slash:comments>0</slash:comments>
		
		
			</item>
		<item>
		<title></title>
		<link>/1263-2/</link>
					<comments>/1263-2/#respond</comments>
		
		<dc:creator><![CDATA[admin]]></dc:creator>
		<pubDate>Thu, 12 Sep 2024 09:11:27 +0000</pubDate>
				<category><![CDATA[Uncategorized]]></category>
		<guid isPermaLink="false">/?p=1263</guid>

					<description><![CDATA[Kacamata Safety &#160;Kami menawarkan beragam kacamata safety dan safety goggles yang dirancang untuk memberikan perlindungan optimal terhadap debu, bahan kimia, dan serangan partikel kecil. Dengan merek-merek terkemuka baik lokal maupun import, produk-produk kami memenuhi standar keamanan industri tertinggi. Kacamata safety kami hadir dengan desain ergonomis dan teknologi anti-kabut untuk memberikan visibilitas yang jelas dan kenyamanan [&#8230;]]]></description>
										<content:encoded><![CDATA[
<div class="wp-block-columns alignfull is-layout-flex wp-container-core-columns-is-layout-4 wp-block-columns-is-layout-flex">
<div class="wp-block-column is-layout-flow wp-block-column-is-layout-flow" style="flex-basis:50%">
<div class="wp-block-cover is-light" style="min-height:600px;aspect-ratio:unset;"><span aria-hidden="true" class="wp-block-cover__background has-background-dim-100 has-background-dim" style="background-color:#f6f6f6"></span><div class="wp-block-cover__inner-container is-layout-flow wp-block-cover-is-layout-flow">
<figure class="wp-block-image aligncenter size-full"><img decoding="async" width="225" height="225" src="/wp-content/uploads/2024/09/images-2-2.jpeg" alt="" class="wp-image-1264" srcset="/wp-content/uploads/2024/09/images-2-2.jpeg 225w, /wp-content/uploads/2024/09/images-2-2-150x150.jpeg 150w" sizes="(max-width: 225px) 100vw, 225px" /></figure>
</div></div>
</div>



<div class="wp-block-column is-vertically-aligned-center is-layout-flow wp-block-column-is-layout-flow" style="padding-top:1em;padding-right:1em;padding-bottom:1em;padding-left:1em">
<div class="wp-block-columns is-layout-flex wp-container-core-columns-is-layout-3 wp-block-columns-is-layout-flex">
<div class="wp-block-column is-layout-flow wp-block-column-is-layout-flow" style="flex-basis:320px">
<p class="has-medium-font-size" style="line-height:1.6"><strong>Kacamata Safety</strong></p>



<p class="has-small-font-size" style="line-height:1.6">&nbsp;Kami menawarkan beragam kacamata safety dan safety goggles yang dirancang untuk memberikan perlindungan optimal terhadap debu, bahan kimia, dan serangan partikel kecil. Dengan merek-merek terkemuka baik lokal maupun import, produk-produk kami memenuhi standar keamanan industri tertinggi. Kacamata safety kami hadir dengan desain ergonomis dan teknologi anti-kabut untuk memberikan visibilitas yang jelas dan kenyamanan maksimal. Lindungi mata pekerja Anda dengan perlengkapan berkualitas tinggi dari distributor terpercaya kami.</p>
</div>
</div>
</div>
</div>



<div class="wp-block-cover alignfull is-repeated has-medium-font-size" style="min-height:100vh;aspect-ratio:unset;"><span aria-hidden="true" class="wp-block-cover__background has-background-dim-40 has-background-dim" style="background-color:#000000"></span><div class="wp-block-cover__image-background wp-image-1279 is-repeated" style="background-position:50% 50%;background-image:url(/wp-content/uploads/2024/09/Capture-2.png)"></div><div class="wp-block-cover__inner-container is-layout-flow wp-block-cover-is-layout-flow">
<h2 class="wp-block-heading alignwide has-white-color has-text-color" style="font-size:58px;line-height:1.2">Manfaat Penggunaan Pelindung Kacamata APD</h2>



<div class="wp-block-columns alignwide is-layout-flex wp-container-core-columns-is-layout-5 wp-block-columns-is-layout-flex">
<div class="wp-block-column is-layout-flow wp-block-column-is-layout-flow" style="flex-basis:60%">
<p class="has-text-color" style="color:#ffffff">Melindungi Mata dari Partikel dan Debu</p>



<p class="has-text-color" style="color:#ffffff">Melindungi dari Bahan Kimia Berbahaya</p>



<p>Mencegah Cedera Fisik</p>



<p>Melindungi dari Radiasi</p>



<p>Mencegah Penularan Infeksi</p>



<p>Meningkatkan Keamanan dan Fokus Kerja</p>



<div class="wp-block-buttons is-layout-flex wp-block-buttons-is-layout-flex">
<div class="wp-block-button is-style-outline"><a class="wp-block-button__link has-text-color has-background wp-element-button" style="color:#ffffff;background-color:#000000">Visit</a></div>
</div>
</div>



<div class="wp-block-column is-layout-flow wp-block-column-is-layout-flow"></div>
</div>
</div></div>



<div class="wp-block-group alignfull has-background-color has-white-color has-black-background-color has-text-color has-background has-link-color wp-elements-2e39d84a12b8c3330ad26531a7e7d5fb is-vertical is-content-justification-stretch is-layout-flex wp-container-core-group-is-layout-8 wp-block-group-is-layout-flex" style="min-height:40vh;margin-top:0;margin-bottom:0;padding-top:var(--wp--preset--spacing--60);padding-right:var(--wp--preset--spacing--40);padding-bottom:var(--wp--preset--spacing--60);padding-left:var(--wp--preset--spacing--40)">
<div class="wp-block-columns alignwide has-small-font-size is-layout-flex wp-container-core-columns-is-layout-6 wp-block-columns-is-layout-flex">
<div class="wp-block-column is-layout-flow wp-block-column-is-layout-flow">
<p class="has-text-align-center has-medium-font-size"><strong>SAFETY.CO.ID</strong></p>



<p class="has-text-align-center">Distributor terpercaya untuk kebutuhan Alat Safety, Alat Pelindung Diri (APD), Perlengkapan Pemadam Kebakaran, Seragam Keamanan, dan banyak lagi!</p>



<div style="height:24px" aria-hidden="true" class="wp-block-spacer"></div>
</div>



<div class="wp-block-column is-layout-flow wp-block-column-is-layout-flow">
<p class="has-text-align-center">Alat Pelindung Diri</p>


<nav class="has-small-font-size items-justified-center is-vertical no-wrap wp-block-navigation has-small-font-size is-content-justification-center is-nowrap is-layout-flex wp-container-core-navigation-is-layout-2 wp-block-navigation-is-layout-flex" aria-label="Header 2"><ul class="wp-block-navigation__container has-small-font-size items-justified-center is-vertical no-wrap wp-block-navigation has-small-font-size"><li class="has-small-font-size wp-block-navigation-item  menu-item menu-item-type-post_type menu-item-object-page menu-item-home wp-block-navigation-link has-small-font-size"><a class="wp-block-navigation-item__content"  href="/" title=""><span class="wp-block-navigation-item__label"><a href="https://safety.co.id/head-protection">Safety Helmet</a><br><a href="https://safety.co.id/eye-protection">Kacamata Safety</a><br><a href="https://safety.co.id/hearing-protection">Pelindung Telinga</a><br><a href="https://safety.co.id/face-protection">Pelindung Wajah</a><br><a href="https://safety.co.id/clothes-protection">Baju Safety</a><br><a href="https://safety.co.id/protection-footwear">Sepatu Safety</a><br><a href="https://safety.co.id/hand-protection">Sarung Tangan Safety</a><br><a href="https://safety.co.id/respiratory-protection">Pelindung Pernapasan</a></span></a></li></ul></nav>


<div style="height:24px" aria-hidden="true" class="wp-block-spacer"></div>
</div>



<div class="wp-block-column is-layout-flow wp-block-column-is-layout-flow">
<p class="has-text-align-center">Follow us</p>



<div class="wp-block-group is-vertical is-content-justification-center is-layout-flex wp-container-core-group-is-layout-5 wp-block-group-is-layout-flex">
<p>Elma Aprilia</p>



<p><a href="#">Maprill</a></p>



<p><a href="#">Elma A</a>prilia</p>



<p><a href="#">tristantielma@gmail.com</a></p>
</div>



<div class="wp-block-group is-vertical is-content-justification-center is-layout-flex wp-container-core-group-is-layout-6 wp-block-group-is-layout-flex"></div>



<div style="height:24px" aria-hidden="true" class="wp-block-spacer"></div>
</div>
</div>



<div class="wp-block-group alignwide is-content-justification-center is-layout-flex wp-container-core-group-is-layout-7 wp-block-group-is-layout-flex">
<p class="has-text-align-center has-small-font-size"> Proudly powered by <a rel="nofollow" href="https://wordpress.org/">WordPress</a> </p>
</div>
</div>
]]></content:encoded>
					
					<wfw:commentRss>/1263-2/feed/</wfw:commentRss>
			<slash:comments>0</slash:comments>
		
		
			</item>
		<item>
		<title></title>
		<link>/1257-2/</link>
					<comments>/1257-2/#respond</comments>
		
		<dc:creator><![CDATA[admin]]></dc:creator>
		<pubDate>Thu, 12 Sep 2024 08:46:34 +0000</pubDate>
				<category><![CDATA[Uncategorized]]></category>
		<guid isPermaLink="false">/?p=1257</guid>

					<description><![CDATA[Alat Safety Produk Pelindung Kepala Kami menawarkan beragam helm proyek, baik merek lokal maupun import, yang dirancang khusus untuk memastikan keselamatan dan kenyamanan Anda. Produk-produk kami memenuhi standar keamanan tertinggi, menjadikan mereka pilihan utama untuk proyek-proyek konstruksi dan industri. Alat Keselamatan Lalu Lintas Eye Protection Respiratory Protection One Stop Safety Solution Manfaat Menggunakan APD Kepala [&#8230;]]]></description>
										<content:encoded><![CDATA[
<div class="wp-block-group alignfull is-layout-constrained wp-block-group-is-layout-constrained"></div>



<div class="wp-block-media-text alignfull has-media-on-the-right is-stacked-on-mobile is-vertically-aligned-center is-style-default" style="grid-template-columns:auto 56%"><div class="wp-block-media-text__content">
<h6 class="wp-block-heading has-large-font-size">Alat Safety</h6>



<h1 class="wp-block-heading">Produk Pelindung Kepala</h1>



<p class="has-medium-font-size">Kami menawarkan beragam helm proyek, baik merek lokal maupun import, yang dirancang khusus untuk memastikan keselamatan dan kenyamanan Anda. Produk-produk kami memenuhi standar keamanan tertinggi, menjadikan mereka pilihan utama untuk proyek-proyek konstruksi dan industri.</p>
</div><figure class="wp-block-media-text__media"><img decoding="async" width="1000" height="500" src="/wp-content/uploads/2024/09/Lindungi-Dirimu-Dengan-alat-Safety-Ketika-Bekerja-1.jpg" alt="" class="wp-image-1259 size-full" srcset="/wp-content/uploads/2024/09/Lindungi-Dirimu-Dengan-alat-Safety-Ketika-Bekerja-1.jpg 1000w, /wp-content/uploads/2024/09/Lindungi-Dirimu-Dengan-alat-Safety-Ketika-Bekerja-1-300x150.jpg 300w, /wp-content/uploads/2024/09/Lindungi-Dirimu-Dengan-alat-Safety-Ketika-Bekerja-1-768x384.jpg 768w" sizes="(max-width: 1000px) 100vw, 1000px" /></figure></div>



<div class="wp-block-columns alignwide is-layout-flex wp-container-core-columns-is-layout-7 wp-block-columns-is-layout-flex" style="margin-bottom:0">
<div class="wp-block-column has-text-color has-background has-link-color wp-elements-5fc5a203b549080dcc62e4c226d69a52 is-layout-flow wp-block-column-is-layout-flow" style="color:#000000;background-color:#ffe97d;padding-top:2em;padding-right:2em;padding-bottom:2em;padding-left:2em">
<h2 class="wp-block-heading" id="single" style="font-size:40px"><strong>Alat Keselamatan Lalu Lintas</strong></h2>



<hr class="wp-block-separator has-text-color has-css-opacity has-background is-style-wide" style="background-color:#000000;color:#000000"/>



<ul class="has-normal-font-size">
<li>Kami menyediakan perlengkapan berkualitas tinggi yang memenuhi standar internasional, mulai dari safety sign yang informatif hingga road barrier yang kokoh dan traffic cone yang mudah dikenali. Untuk memberikan pengaturan lalu lintas yang efisien dan aman,&nbsp;<a href="https://id.wikipedia.org/wiki/Risiko" target="_blank" rel="noreferrer noopener">keamanan</a>&nbsp;dan kejelasan menjadi prioritas utama kami</li>
</ul>



<div class="wp-block-buttons alignfull is-horizontal is-content-justification-center is-layout-flex wp-container-core-buttons-is-layout-3 wp-block-buttons-is-layout-flex"></div>
</div>



<div class="wp-block-column has-text-color has-background has-link-color wp-elements-72ae991f9e55e882a805c86890d87bce is-layout-flow wp-block-column-is-layout-flow" style="color:#000000;background-color:#d1d1e1;padding-top:2em;padding-right:2em;padding-bottom:2em;padding-left:2em">
<h2 class="wp-block-heading" id="family" style="font-size:40px"><strong>Eye Protection</strong></h2>



<hr class="wp-block-separator has-css-opacity is-style-wide"/>



<ul class="has-normal-font-size">
<li>Kami menyediakan berbagai kacamata pelindung dengan desain modern dan teknologi anti-kabut untuk memastikan visibilitas optimal dan perlindungan debu dan partikel.</li>
</ul>



<div class="wp-block-buttons alignfull is-horizontal is-content-justification-center is-layout-flex wp-container-core-buttons-is-layout-4 wp-block-buttons-is-layout-flex"></div>
</div>



<div class="wp-block-column has-text-color has-background has-link-color wp-elements-b26d94b0e1f0e71bf8f2d2977b21a658 is-layout-flow wp-block-column-is-layout-flow" style="color:#000000;background-color:#c0ebf1;padding-top:2em;padding-right:2em;padding-bottom:2em;padding-left:2em">
<h2 class="wp-block-heading" id="patron" style="font-size:40px"><strong>Respiratory Protection</strong></h2>



<hr class="wp-block-separator has-css-opacity is-style-wide"/>



<ul class="has-normal-font-size">
<li>Pernapasan yang aman dengan masker respirator berkualitas tinggi kami, dirancang untuk memberikan perlindungan maksimal terhadap partikel dan zat berbahaya.</li>
</ul>



<div class="wp-block-buttons alignfull is-horizontal is-content-justification-center is-layout-flex wp-container-core-buttons-is-layout-5 wp-block-buttons-is-layout-flex"></div>
</div>
</div>



<p></p>



<div class="wp-block-group alignfull has-text-color has-background is-layout-flow wp-block-group-is-layout-flow" style="color:#000000;background-color:#ffffff">
<div style="height:64px" aria-hidden="true" class="wp-block-spacer"></div>



<p class="has-text-align-center has-small-font-size" style="line-height:.9"><strong>One Stop Safety Solution</strong></p>



<h1 class="wp-block-heading"><br>Manfaat Menggunakan APD Kepala</h1>



<ol>
<li>Melindungi dari cedera fisik.</li>



<li>Mencegah cedera otak</li>



<li>Perlindungan terhadap panas dan bahan kimia</li>



<li>Meningkatkan visibilitas</li>



<li>Meningkatkan rasa aman dan produktivitas</li>
</ol>



<div class="wp-block-buttons is-horizontal is-content-justification-center is-layout-flex wp-container-core-buttons-is-layout-6 wp-block-buttons-is-layout-flex">
<div class="wp-block-button has-custom-width wp-block-button__width-50"><a class="wp-block-button__link has-text-color has-background wp-element-button" style="border-radius:50px;color:#ffffff;background-color:#000000">Pesan Sekarang</a></div>
</div>



<div style="height:64px" aria-hidden="true" class="wp-block-spacer"></div>
</div>



<div class="wp-block-group alignfull has-background-color has-white-color has-black-background-color has-text-color has-background has-link-color wp-elements-1c3cc8b1418072bc33b546c4540d6524 is-vertical is-content-justification-stretch is-layout-flex wp-container-core-group-is-layout-14 wp-block-group-is-layout-flex" style="min-height:40vh;margin-top:0;margin-bottom:0;padding-top:var(--wp--preset--spacing--60);padding-right:var(--wp--preset--spacing--40);padding-bottom:var(--wp--preset--spacing--60);padding-left:var(--wp--preset--spacing--40)">
<div class="wp-block-columns alignwide has-small-font-size is-layout-flex wp-container-core-columns-is-layout-8 wp-block-columns-is-layout-flex">
<div class="wp-block-column is-layout-flow wp-block-column-is-layout-flow">
<p class="has-text-align-center has-medium-font-size"><strong>SAFETY.CO.ID</strong></p>



<p class="has-text-align-center has-medium-font-size">Distributor terpercaya untuk kebutuhan Alat Safety, Alat Pelindung Diri (APD), Perlengkapan Pemadam Kebakaran, Seragam Keamanan, dan banyak lagi!</p>



<div style="height:24px" aria-hidden="true" class="wp-block-spacer"></div>
</div>



<div class="wp-block-column is-layout-flow wp-block-column-is-layout-flow">
<p class="has-text-align-center has-medium-font-size">Alat Pelindung  Diri</p>


<nav class="has-small-font-size items-justified-center is-vertical no-wrap wp-block-navigation has-small-font-size is-content-justification-center is-nowrap is-layout-flex wp-container-core-navigation-is-layout-3 wp-block-navigation-is-layout-flex" aria-label="Header 3"><ul class="wp-block-navigation__container has-small-font-size items-justified-center is-vertical no-wrap wp-block-navigation has-small-font-size"><li class="has-small-font-size wp-block-navigation-item  menu-item menu-item-type-post_type menu-item-object-page menu-item-home wp-block-navigation-link has-small-font-size"><a class="wp-block-navigation-item__content"  href="/" title=""><span class="wp-block-navigation-item__label"><a href="https://safety.co.id/head-protection">Safety Helmet</a><br><a href="https://safety.co.id/eye-protection">Kacamata Safety</a><br><a href="https://safety.co.id/hearing-protection">Pelindung Telinga</a><br><a href="https://safety.co.id/face-protection">Pelindung Wajah</a><br><a href="https://safety.co.id/clothes-protection">Baju Safety</a><br><a href="https://safety.co.id/protection-footwear">Sepatu Safety</a><br><a href="https://safety.co.id/hand-protection">Sarung Tangan Safety</a><br><a href="https://safety.co.id/respiratory-protection">Pelindung Pernapasan</a></span></a></li></ul></nav>


<div style="height:24px" aria-hidden="true" class="wp-block-spacer"></div>
</div>



<div class="wp-block-column is-layout-flow wp-block-column-is-layout-flow">
<p class="has-text-align-center">Follow us</p>



<div class="wp-block-group is-vertical is-content-justification-center is-layout-flex wp-container-core-group-is-layout-12 wp-block-group-is-layout-flex">
<p><a href="#">Elma Aprilia</a></p>



<p><a href="#">Maprill</a></p>



<p><a href="#">Elma Tristanti </a></p>



<p><a href="#">tristantielma@gmail.con</a></p>
</div>



<div style="height:24px" aria-hidden="true" class="wp-block-spacer"></div>
</div>
</div>



<div class="wp-block-group alignwide is-content-justification-center is-layout-flex wp-container-core-group-is-layout-13 wp-block-group-is-layout-flex">
<p class="has-text-align-center has-small-font-size"> Proudly powered by <a rel="nofollow" href="https://wordpress.org/">WordPress</a> </p>
</div>
</div>
]]></content:encoded>
					
					<wfw:commentRss>/1257-2/feed/</wfw:commentRss>
			<slash:comments>0</slash:comments>
		
		
			</item>
		<item>
		<title>Hello world!</title>
		<link>/hello-world/</link>
					<comments>/hello-world/#comments</comments>
		
		<dc:creator><![CDATA[admin]]></dc:creator>
		<pubDate>Thu, 09 Mar 2017 03:18:12 +0000</pubDate>
				<category><![CDATA[Uncategorized]]></category>
		<guid isPermaLink="false">http://blankinstall.web-dev.oxygen-is-really-amazing-and-everyone-loves-it.com/?p=1</guid>

					<description><![CDATA[Welcome to WordPress. This is your first post. Edit or delete it, then start writing!]]></description>
										<content:encoded><![CDATA[<p>Welcome to WordPress. This is your first post. Edit or delete it, then start writing!</p>
]]></content:encoded>
					
					<wfw:commentRss>/hello-world/feed/</wfw:commentRss>
			<slash:comments>1</slash:comments>
		
		
			</item>
	</channel>
</rss>
